category,title,content,external_key,source_url
guide,0. 본 가이드 이용 안내,"이 문서 모음은 쇼핑몰 공통의 기본 상담 지식입니다. 배송 기간·반품 기한·배송비 등 숫자는 일반적인 기본값이므로, 등록 전에 자사 정책에 맞게 수정하세요. 자사에 없는 제도(포인트·멤버십 등)를 다룬 문서는 삭제 후 업로드하면 됩니다. external_key를 유지한 채 재업로드하면 기존 문서가 중복 없이 갱신됩니다.",GUIDE-0-1,
guide,0. How to Use This Guide,"This document set is a baseline customer-support knowledge base for any shopping mall. Numbers such as delivery times, return windows, and shipping fees are common defaults — adjust them to your own policy before registering. Delete documents about programs you do not run (points, membership, etc.) before uploading. Re-uploading with the same external_key updates the existing documents without duplicates.",GUIDE-0-1-EN,
policy_legal,1.1 계정 생성과 보안,"고객은 쇼핑몰 계정을 만들 때 정확한 정보를 입력해야 하며, 로그인 정보의 보안은 고객 본인이 관리합니다. 계정 도용이나 무단 접근이 의심되면 즉시 비밀번호를 변경하고 고객센터에 알려 주세요. 상담원과 AI는 고객의 비밀번호를 묻지 않습니다.",GUIDE-1-1,
policy_legal,1.1 Account Creation and Security,"Customers should provide accurate information when creating an account and are responsible for keeping their login credentials secure. If unauthorized access is suspected, change the password immediately and notify customer support. Agents and the AI never ask for a customer’s password.",GUIDE-1-1-EN,
policy_legal,1.2 계정 정보 수정,"이름·연락처·배송지 등 계정 정보는 마이페이지에서 직접 수정할 수 있습니다. 이미 결제가 완료된 주문에는 변경된 배송지가 자동 반영되지 않으므로, 주문 관련 변경은 별도로 고객센터에 문의해야 합니다.",GUIDE-1-2,
policy_legal,1.2 Updating Account Information,"Name, contact, and shipping address can be updated directly in the account page. Changes do not automatically apply to orders already placed — for order-related changes, contact customer support separately.",GUIDE-1-2-EN,
policy_legal,1.3 개인정보 처리 원칙,"쇼핑몰은 주문 처리와 고객 지원에 필요한 최소한의 개인정보만 수집·이용하며, 자세한 내용은 개인정보처리방침 페이지를 안내합니다. AI는 개인정보의 구체적 처리 내역이나 법률 자문을 제공하지 않고, 관련 요청(열람·삭제 등)은 고객센터로 안내합니다.",GUIDE-1-3,
policy_legal,1.3 Privacy Principles,"The store collects and uses only the personal data needed for order processing and customer support; for details, direct customers to the privacy policy page. The AI does not provide specific data-handling records or legal advice — requests such as access or deletion go to customer support.",GUIDE-1-3-EN,
policy_legal,1.4 마케팅 수신동의와 거부,"이메일·문자 마케팅은 수신에 동의한 고객에게만 발송됩니다. 수신 거부는 메시지 하단의 수신거부 링크 또는 마이페이지 설정에서 언제든 가능하며, 처리에 며칠이 걸릴 수 있습니다. 수신을 거부해도 주문·배송 등 거래 관련 알림은 계속 발송됩니다.",GUIDE-1-4,
policy_legal,1.4 Marketing Consent and Opt-Out,"Email and SMS marketing is sent only to customers who opted in. Customers can opt out anytime via the unsubscribe link or account settings; processing may take a few days. Transactional notices (orders, shipping) continue regardless of marketing opt-out.",GUIDE-1-4-EN,
policy_legal,1.5 약관 관련 문의 응대,"이용약관의 해석이나 법적 효력에 대한 질문에는 AI가 확정적으로 답하지 않습니다. 약관 원문 페이지를 안내하고, 분쟁 소지가 있는 사안은 고객센터로 연결합니다.",GUIDE-1-5,
policy_legal,1.5 Handling Terms-of-Service Questions,The AI does not give definitive answers about the interpretation or legal effect of the terms of service. Point customers to the terms page and route potentially contentious matters to customer support.,GUIDE-1-5-EN,
policy_order,2.1 주문 접수와 확인,"주문이 완료되면 주문번호가 발급되고 확인 메일(또는 알림)이 발송됩니다. 확인 메일이 오지 않으면 스팸함과 주문내역을 먼저 확인하고, 결제만 되고 주문이 없으면 고객센터로 문의해 주세요.",GUIDE-2-1,
policy_order,2.1 Order Confirmation,"When an order is placed, an order number is issued and a confirmation email (or notification) is sent. If no confirmation arrives, check the spam folder and order history first; if payment went through but no order exists, contact customer support.",GUIDE-2-1-EN,
policy_order,2.2 주문 변경 불가 원칙,결제 완료 후에는 상품·옵션·수량·배송지·결제수단·쿠폰 적용을 원칙적으로 변경할 수 없습니다. 변경이 필요하면 출고 전에 주문을 취소하고 다시 주문하는 방법을 안내하세요.,GUIDE-2-2,
policy_order,2.2 Orders Cannot Be Modified,"After checkout, the product, options, quantity, shipping address, payment method, and applied coupons generally cannot be changed. If a change is needed, guide the customer to cancel before shipment and reorder.",GUIDE-2-2-EN,
policy_order,2.3 주문 취소 가능 시점,"주문 취소는 상품이 출고 준비에 들어가기 전까지 가능합니다. 출고 준비·포장 단계로 넘어가면 취소가 보장되지 않으며, 이미 발송된 주문은 취소할 수 없고 수령 후 반품 절차를 이용해야 합니다. 취소 요청은 최대한 빨리 접수하도록 안내하세요.",GUIDE-2-3,
policy_order,2.3 When an Order Can Be Canceled,"Orders can be canceled until fulfillment begins. Once the order enters picking or packing, cancellation is not guaranteed; a shipped order cannot be canceled and must go through the return process after delivery. Advise customers to request cancellation as early as possible.",GUIDE-2-3-EN,
policy_order,2.4 취소 후 환불,"취소된 주문은 원결제수단으로 전액 환불됩니다. 카드 승인 취소는 카드사에 따라 영업일 기준 1~7일가량 걸릴 수 있습니다. 취소 시 사용한 쿠폰·포인트 복원 규정은 쇼핑몰 정책에 따르며, 미확정이면 확답하지 말고 고객센터로 안내하세요.",GUIDE-2-4,
policy_order,2.4 Refunds After Cancellation,"Canceled orders are refunded in full to the original payment method. Card authorization reversals may take about 1–7 business days depending on the issuer. Whether coupons and points are restored follows store policy — if unconfirmed, do not promise and route to customer support.",GUIDE-2-4-EN,
policy_shipping,3.1 주문 처리 기간,"주문은 보통 결제 완료 후 1~2영업일 내에 출고됩니다. 주말·공휴일 주문은 다음 영업일부터 처리되며, 세일 기간에는 출고가 지연될 수 있습니다.",GUIDE-3-1,
policy_shipping,3.1 Order Processing Time,"Orders usually ship within 1–2 business days after payment. Orders placed on weekends or holidays are processed from the next business day, and shipping may be delayed during sale periods.",GUIDE-3-1-EN,
policy_shipping,3.2 배송 기간,출고 후 국내 표준 배송은 보통 2~5영업일이 걸립니다. 도서·산간 지역은 1~2일 더 걸릴 수 있습니다. 배송 기간은 예상치이며 택배사 사정에 따라 달라질 수 있습니다.,GUIDE-3-2,
policy_shipping,3.2 Delivery Time,"After dispatch, standard domestic delivery usually takes 2–5 business days. Remote areas may take 1–2 days longer. Delivery times are estimates and can vary with the carrier.",GUIDE-3-2-EN,
policy_shipping,3.3 배송비와 무료배송,"배송비는 주문 금액과 지역에 따라 결제 화면에 표시됩니다. 일정 금액 이상 주문 시 무료배송이 적용될 수 있으며, 기준 금액은 쇼핑몰 정책을 따릅니다. 반품·부분취소로 주문 금액이 무료배송 기준 아래로 내려가면 배송비가 차감될 수 있습니다.",GUIDE-3-3,
policy_shipping,3.3 Shipping Fees and Free Shipping,"Shipping fees are shown at checkout based on order amount and destination. Orders above a threshold may qualify for free shipping per store policy. If returns or partial cancellations drop the order below the threshold, the shipping fee may be deducted.",GUIDE-3-3-EN,
policy_shipping,3.4 배송 조회,상품이 출고되면 송장번호가 발급되고 주문내역에서 배송 상태를 조회할 수 있습니다. 송장 등록 직후에는 택배사 시스템에 반영되기까지 몇 시간이 걸릴 수 있습니다.,GUIDE-3-4,
policy_shipping,3.4 Order Tracking,"Once the order ships, a tracking number is issued and the delivery status can be checked in order history. Right after the number is issued, the carrier’s system may take a few hours to update.",GUIDE-3-4-EN,
policy_shipping,3.5 배송지 오류와 반송,"주소 오류·수취인 부재 등으로 배송이 실패하면 상품이 판매자에게 반송될 수 있습니다. 고객 사유로 반송된 경우 재배송 비용이 청구될 수 있으며, 잘못 입력된 주소는 출고 전에만 수정 요청이 가능합니다.",GUIDE-3-5,
policy_shipping,3.5 Undeliverable Packages and Returns to Sender,"If delivery fails due to an address error or absent recipient, the package may be returned to the seller. When the return is due to the customer, reshipping costs may apply. An incorrect address can only be corrected before dispatch.",GUIDE-3-5-EN,
policy_shipping,3.6 배송완료로 표시되었으나 미수령,"배송완료로 표시되었는데 상품을 받지 못한 경우, 먼저 무인함·경비실·가족 수령 여부와 배송 사진을 확인하도록 안내하세요. 그래도 찾지 못하면 배송완료 표시 후 일정 기간(예: 7일) 내에 고객센터로 신고하면 확인 후 재발송 또는 환불을 검토합니다. AI가 즉시 보상을 확정하지 않습니다.",GUIDE-3-6,
policy_shipping,3.6 Marked Delivered but Not Received,"If an order is marked delivered but not received, first ask the customer to check parcel lockers, the building office, family members, and any delivery photo. If still missing, report to customer support within a set period (e.g., 7 days) of the delivered status; reshipment or refund is reviewed after verification. The AI does not promise compensation on the spot.",GUIDE-3-6-EN,
policy_return,4.1 반품 가능 조건,"단순 변심 반품은 상품 수령 후 7일 이내, 상품과 포장이 재판매 가능한 상태일 때 가능합니다. 상품 하자·오배송의 경우 수령 후 30일 이내(관련 법이 정한 기간이 더 길면 그 기간)까지 반품할 수 있습니다. 구체적 기한은 쇼핑몰 정책에 맞게 수정하세요.",GUIDE-4-1,
policy_return,4.1 Return Eligibility,Change-of-mind returns are accepted within 7 days of delivery when the item and packaging are in resellable condition. Defective or wrong items can be returned within 30 days of delivery (or longer where required by law). Adjust the exact windows to your store policy.,GUIDE-4-1-EN,
policy_return,4.2 반품 신청 절차,"반품은 주문내역에서 신청하거나 고객센터로 접수합니다. 주문번호·반품 사유·(하자인 경우) 사진을 준비하면 처리가 빨라집니다. 접수 후 반품 방법과 반송 주소를 안내받은 뒤에 상품을 보내야 하며, 임의 반송은 처리되지 않을 수 있습니다.",GUIDE-4-2,
policy_return,4.2 How to Request a Return,"Returns are requested from order history or through customer support. Having the order number, reason, and photos (for defects) speeds up processing. Ship the item only after receiving return instructions and the return address — unauthorized shipments may not be processed.",GUIDE-4-2-EN,
policy_return,4.3 반품 배송비,단순 변심 반품의 왕복 배송비는 고객 부담이 원칙입니다. 상품 하자·오배송으로 인한 반품 배송비는 판매자가 부담합니다.,GUIDE-4-3,
policy_return,4.3 Return Shipping Fees,"For change-of-mind returns, the customer bears the round-trip shipping cost. For defective or wrong items, the seller covers return shipping.",GUIDE-4-3-EN,
policy_return,4.4 반품 검수와 처리,반품 상품이 도착하면 상태를 검수한 뒤 환불 또는 교환을 진행합니다. 검수에는 보통 도착 후 3~5영업일이 걸립니다. 사용 흔적·구성품 누락 등으로 조건에 맞지 않으면 반품이 거절되거나 차감 환불될 수 있습니다.,GUIDE-4-4,
policy_return,4.4 Return Inspection and Processing,"Returned items are inspected on arrival before a refund or exchange proceeds, typically within 3–5 business days. Items that show use or are missing components may be declined or partially refunded.",GUIDE-4-4-EN,
policy_return,4.5 교환,교환은 반품과 동일한 조건에서 가능합니다. 가장 빠른 방법은 반품 후 원하는 상품을 새로 주문하는 것입니다. 하자·오배송 상품은 동일 상품으로 무상 교환해 드립니다(배송비 판매자 부담).,GUIDE-4-5,
policy_return,4.5 Exchanges,"Exchanges follow the same conditions as returns. The fastest route is to return the item and place a new order. Defective or wrong items are exchanged for the same product free of charge, with shipping covered by the seller.",GUIDE-4-5-EN,
policy_return,4.6 반품 불가 상품,"다음은 반품·교환이 어렵습니다: 고객 요청으로 제작된 주문제작 상품, 개봉 시 가치가 급감하는 상품(밀봉 소프트웨어·위생용품 등), 훼손·사용된 상품, 반품불가로 표시된 특가 상품. 반품불가 여부는 상품 페이지와 결제 화면에 표시되어야 합니다.",GUIDE-4-6,
policy_return,4.6 Non-Returnable Items,"The following are generally not returnable: made-to-order items, products whose value drops sharply once opened (sealed software, hygiene goods), damaged or used items, and clearance items marked final sale. Non-returnable status should be shown on the product page and at checkout.",GUIDE-4-6-EN,
policy_refund,5.1 환불 수단과 기한,"환불은 원결제수단으로 진행됩니다. 카드 결제는 반품 검수 완료 후 보통 3~10영업일 내 승인 취소되며, 실제 반영 시점은 카드사에 따라 다릅니다. 포인트·상품권 결제분은 해당 수단으로 반환됩니다.",GUIDE-5-1,
policy_refund,5.1 Refund Method and Timeline,Refunds go to the original payment method. Card refunds are usually processed within 3–10 business days after inspection; the exact posting date depends on the card issuer. Amounts paid with points or gift cards are returned to those methods.,GUIDE-5-1-EN,
policy_refund,5.2 프로모션 주문의 환불 금액,할인·쿠폰이 적용된 주문은 실제 결제 금액 기준으로 환불됩니다. 묶음 할인 조건이 깨지는 부분 반품은 남은 상품에 정상가가 적용되어 차액이 조정될 수 있습니다. 구매 시 적립된 포인트는 환불 시 회수됩니다.,GUIDE-5-2,
policy_refund,5.2 Refund Amounts for Promotional Orders,Discounted orders are refunded based on the amount actually paid. Partial returns that break a bundle condition may reprice the remaining items at regular price. Points earned on the purchase are reclaimed when the refund is processed.,GUIDE-5-2-EN,
policy_payment,6.1 결제 수단,"사용 가능한 결제수단은 결제 화면에 표시된 것을 기준으로 안내합니다. 특정 결제수단의 지원 여부가 확실하지 않으면 결제 화면 확인을 안내하고, AI가 임의로 지원 여부를 단정하지 않습니다.",GUIDE-6-1,
policy_payment,6.1 Accepted Payment Methods,"Available payment methods are whatever the checkout page shows. If support for a specific method is uncertain, guide the customer to check at checkout — the AI should not assert availability on its own.",GUIDE-6-1-EN,
policy_payment,6.2 결제 실패,"결제가 실패하면 카드 한도·유효기간·입력 정보를 먼저 확인하고, 다른 결제수단을 시도하도록 안내하세요. 반복 실패 시 카드사 또는 고객센터 문의를 안내합니다. 결제 거절 사유의 상세 내용은 카드사만 알 수 있습니다.",GUIDE-6-2,
policy_payment,6.2 Payment Declined,"When a payment fails, ask the customer to check the card limit, expiry, and entered details, then try another method. For repeated failures, refer them to the card issuer or customer support. Only the issuer knows the specific decline reason.",GUIDE-6-2-EN,
policy_payment,6.3 결제는 되었는데 주문이 없는 경우 / 중복 결제,"결제 후 주문이 생성되지 않았거나 금액이 중복 청구된 경우, 임시 승인(가승인)은 며칠 내 자동 취소되는 경우가 많습니다. 수일이 지나도 청구가 남아 있으면 주문번호(또는 결제 내역)와 함께 고객센터로 문의하도록 안내하세요.",GUIDE-6-3,
policy_payment,6.3 Charged Without an Order / Duplicate Charges,"If a charge appears without an order, or the amount is charged twice, pending authorizations often drop off automatically within a few days. If the charge persists, have the customer contact support with the order number or payment record.",GUIDE-6-3-EN,
policy_payment,6.4 세금,판매세·부가세 등 세금은 관련 법령에 따라 결제 시 자동 계산되어 표시됩니다. 세금 계산 방식에 대한 상세 문의나 면세 요청은 고객센터로 안내합니다.,GUIDE-6-4,
policy_payment,6.4 Taxes,Sales tax or VAT is calculated automatically at checkout per applicable law. Detailed questions about tax calculation or exemption requests go to customer support.,GUIDE-6-4-EN,
policy_payment,6.5 차지백(지불 이의제기),"카드사에 이의제기를 하기 전에 고객센터를 통한 해결을 먼저 안내하세요. 대부분의 결제 문제는 직접 해결이 더 빠릅니다. 이미 진행 중인 차지백은 카드사 절차를 따르며, AI가 결과를 예단하지 않습니다.",GUIDE-6-5,
policy_payment,6.5 Chargebacks and Payment Disputes,"Before filing a dispute with the card issuer, encourage resolution through customer support first — most payment issues resolve faster directly. An ongoing chargeback follows the issuer’s process; the AI does not predict outcomes.",GUIDE-6-5-EN,
policy_membership,7.1 회원 혜택과 포인트 적립,"회원은 구매 금액에 따라 포인트를 적립받을 수 있습니다. 적립률·등급 혜택은 쇼핑몰 정책 페이지를 기준으로 안내하고, 확정되지 않은 혜택은 약속하지 않습니다.",GUIDE-7-1,
policy_membership,7.1 Membership Benefits and Earning Points,"Members may earn points based on purchase amount. Quote earning rates and tier benefits from the store’s policy page, and do not promise benefits that are not confirmed.",GUIDE-7-1-EN,
policy_membership,7.2 포인트 사용과 유효기간,"포인트는 결제 시 사용 조건(최소 보유량·최대 사용 비율 등)에 따라 사용할 수 있으며, 유효기간이 지나면 소멸됩니다. 주문 취소·반품 시 사용한 포인트는 반환되고 적립된 포인트는 회수됩니다.",GUIDE-7-2,
policy_membership,7.2 Redeeming Points and Expiration,"Points can be redeemed at checkout subject to conditions (minimum balance, maximum ratio) and expire after their validity period. On cancellation or return, redeemed points are restored and earned points are reclaimed.",GUIDE-7-2-EN,
policy_membership,7.3 중복 계정,혜택 목적의 중복 계정 생성은 제한될 수 있습니다. 중복 계정으로 확인되면 적립 혜택이 회수되거나 계정 이용이 제한될 수 있습니다.,GUIDE-7-3,
policy_membership,7.3 Multiple Accounts,Creating multiple accounts to collect benefits may be restricted. Confirmed duplicate accounts may have benefits reclaimed or access limited.,GUIDE-7-3-EN,
policy_promotion,8.1 쿠폰 사용,쿠폰은 유효기간·최소 주문금액·대상 상품 조건을 충족할 때 결제 화면에서 적용할 수 있습니다. 주문 완료 후에는 쿠폰을 소급 적용할 수 없습니다.,GUIDE-8-1,
policy_promotion,8.1 Using Coupons,"Coupons apply at checkout when the validity period, minimum order amount, and eligible-product conditions are met. Coupons cannot be applied retroactively after an order is placed.",GUIDE-8-1-EN,
policy_promotion,8.2 쿠폰 중복 적용과 제외 조건,"쿠폰은 주문당 1매 사용이 원칙이며, 중복 사용 가능 여부는 쿠폰 안내에 따릅니다. 일부 특가·기획전 상품은 쿠폰 적용에서 제외될 수 있으며, 제외 여부는 상품·쿠폰 안내면에 표시됩니다.",GUIDE-8-2,
policy_promotion,8.2 Coupon Stacking and Exclusions,"One coupon per order is the default; stacking is allowed only where the coupon terms say so. Some sale or special items may be excluded from coupons, as indicated on the product or coupon page.",GUIDE-8-2-EN,
policy_promotion,8.3 사은품,"구매 사은품은 재고 소진 시 조기 종료될 수 있습니다. 사은품은 반품 시 함께 반환해야 하며, 반환되지 않으면 사은품 가액이 환불금에서 차감될 수 있습니다.",GUIDE-8-3,
policy_promotion,8.3 Gifts with Purchase,Purchase gifts may end early when stock runs out. Gifts must be returned with a returned order; otherwise their value may be deducted from the refund.,GUIDE-8-3-EN,
policy_claims,9.1 오배송·파손·누락 신고,"받은 상품이 파손되었거나, 주문과 다르거나, 일부가 누락된 경우 수령 후 7일 이내에 주문번호와 함께 고객센터로 신고하도록 안내하세요. 신고가 빠를수록 처리가 수월합니다.",GUIDE-9-1,
policy_claims,"9.1 Reporting Damaged, Wrong, or Missing Items","If an item arrives damaged, differs from the order, or is missing, ask the customer to report it to customer support within 7 days of delivery with the order number. Earlier reports are easier to resolve.",GUIDE-9-1-EN,
policy_claims,9.2 신고 시 필요한 정보,"처리를 위해 다음을 요청할 수 있습니다: 주문번호, 상품과 포장 상태를 확인할 수 있는 사진(외박스·라벨 포함), 문제에 대한 간단한 설명. 확인 전까지 상품과 포장재를 보관하도록 안내하세요.",GUIDE-9-2,
policy_claims,9.2 Information Needed for a Claim,"The following may be requested: the order number, photos showing the item and packaging (outer box and label included), and a brief description of the issue. Ask the customer to keep the item and packaging until the claim is resolved.",GUIDE-9-2-EN,
policy_claims,9.3 처리 방식,"확인 결과에 따라 재발송·교환·환불 중 적절한 방법으로 처리됩니다. 어떤 방식으로 처리될지는 검토 후 결정되므로, AI가 특정 보상 방식을 미리 확정하지 않습니다.",GUIDE-9-3,
policy_claims,9.3 Possible Resolutions,"After review, the issue is resolved by reshipment, exchange, or refund as appropriate. The resolution is decided after review — the AI does not promise a specific remedy in advance.",GUIDE-9-3-EN,
policy_safety,10.1 제품 이상반응,제품 사용 중 피부 이상 등 부작용이 의심되면 즉시 사용을 중단하고 필요 시 의료 전문가와 상담하도록 안내하세요. 사용 제품명·증상·사용 시점을 고객센터로 접수하면 확인 후 처리 방안을 안내합니다. AI는 의학적 판단이나 진단을 제공하지 않습니다.,GUIDE-10-1,
policy_safety,10.1 Adverse Reactions,"If a customer suspects an adverse reaction, advise them to stop using the product immediately and consult a medical professional if needed. Report the product name, symptoms, and time of use to customer support for follow-up. The AI does not provide medical judgment or diagnosis.",GUIDE-10-1-EN,
policy_safety,10.2 품질 불만,변질·이물·기능 불량 등 품질 문제는 사진과 함께 고객센터로 접수하도록 안내하세요. 확인을 위해 제조번호(Lot)나 구매 시점을 요청할 수 있습니다.,GUIDE-10-2,
policy_safety,10.2 Product Quality Complaints,"Quality issues such as spoilage, foreign matter, or malfunction should be reported to customer support with photos. The lot number or purchase date may be requested for verification.",GUIDE-10-2-EN,
policy_fraud,11.1 부정 이용 검토,"쇼핑몰은 프로모션 남용, 허위 정보, 반복적 환불 악용, 무단 재판매 등 부정 이용이 의심되는 주문·계정을 검토할 수 있으며, 필요 시 주문 보류·취소, 추가 확인 요청, 계정 이용 제한이 이뤄질 수 있습니다.",GUIDE-11-1,
policy_fraud,11.1 Review of Suspected Abuse,"The store may review orders and accounts suspected of abuse — promotion exploitation, false information, repeated refund abuse, unauthorized resale — and may hold or cancel orders, request verification, or restrict accounts as needed.",GUIDE-11-1-EN,
policy_fraud,11.2 AI 응대 기준,"AI는 내부 심사 기준이나 탐지 방법을 공개하지 않으며, 고객을 부정 이용자로 단정하는 표현을 쓰지 않습니다. 기본 응대: ""일부 주문은 계정·결제·프로모션 관련 확인이 필요할 수 있습니다. 자세한 내용은 고객센터로 문의해 주세요."" 제한 조치에 이의가 있는 고객은 고객센터를 통해 재검토를 요청할 수 있습니다.",GUIDE-11-2,
policy_fraud,11.2 AI Response Standard,"The AI never discloses internal review criteria or detection methods, and never labels a customer as fraudulent. Default response: “Some orders may require additional review based on account, payment, or promotional activity. Please contact customer support for details.” Customers who disagree with a restriction may request a review through customer support.",GUIDE-11-2-EN,
policy_counsel,12.1 기본 응대 원칙,"항상 정중하고 간결하게 응대합니다. 확인되지 않은 정책·금액·기한은 추측해서 답하지 않고 고객센터로 안내합니다. 답변은 등록된 지식과 정책 문서에 근거해야 하며, 근거가 없으면 모른다고 말하고 연결 경로를 안내하는 것이 올바른 응대입니다.",GUIDE-12-1,
policy_counsel,12.1 Basic Counseling Principles,"Always respond politely and concisely. Never guess unconfirmed policies, amounts, or deadlines — route to customer support instead. Answers must be grounded in registered knowledge and policy documents; when there is no basis, saying so and offering the support channel is the correct answer.",GUIDE-12-1-EN,
policy_counsel,12.2 상담원 인계 기준,"다음의 경우 사람 상담원에게 인계합니다: 환불·보상 금액의 확정이 필요한 경우, 법적 분쟁 소지가 있는 경우, 고객이 강한 불만을 표현하거나 상담원 연결을 요청하는 경우, 동일 문의가 반복 해결되지 않는 경우. 인계 시 지금까지의 대화 요지를 함께 전달합니다.",GUIDE-12-2,
policy_counsel,12.2 When to Hand Off to a Human Agent,"Hand off to a human agent when: a refund or compensation amount must be finalized, there is potential legal dispute, the customer expresses strong dissatisfaction or asks for an agent, or the same issue repeatedly fails to resolve. Pass along a summary of the conversation at handoff.",GUIDE-12-2-EN,
policy_counsel,12.3 AI가 확답하면 안 되는 것,"AI는 다음을 스스로 확정하지 않습니다: 개별 주문에 대한 보상·환불 승인, 미공지 프로모션이나 가격, 재고·입고 일정, 법률·의료·세무 자문, 내부 심사 기준. 이 주제는 관련 정책 문서를 안내하거나 고객센터로 연결합니다.",GUIDE-12-3,
policy_counsel,12.3 What the AI Must Not Commit To,"The AI must not unilaterally confirm: compensation or refund approval for a specific order, unannounced promotions or prices, stock or restock schedules, legal, medical, or tax advice, or internal review criteria. For these topics, cite the relevant policy document or route to customer support.",GUIDE-12-3-EN,
